Store,total_sales,avg_daily_sales,customers,days_open,sales_per_customer
1,3716854,4759.096030729834,440523,781,8.437366493917457
2,3883858,4953.900510204082,457855,784,8.482724880147645
3,5408261,6942.568677792041,584310,779,9.255807704814226
4,7556507,9638.401785714286,1036254,784,7.292137834932362
5,3642818,4676.274711168165,418588,779,8.702633615870498
6,4297758,5509.946153846154,495483,780,8.673875793922294
7,6930202,8817.050890585242,745569,786,9.295185288014926
8,4342857,5539.3584183673465,516027,784,8.415949165450645
9,5112061,6562.337612323492,451677,779,11.317957301345873
10,4365642,5568.4209183673465,465661,784,9.37515059238373
11,6296286,8030.977040816327,885992,784,7.106481774101797
12,5950245,7589.598214285715,703211,784,8.461535726830212
13,3126578,5034.747181964573,237740,621,13.151249263901741
14,4291174,5508.567394094994,491913,779,8.723440933661033
15,5231510,6672.844387755102,520107,784,10.058526418602327
16,5967891,7680.683397683398,662375,777,9.009837327797698
17,4954488,6335.6624040920715,619090,782,8.00285580448723
18,5130137,6560.277493606138,557785,782,9.197337683874611
19,5036169,6464.915275994866,486618,779,10.349327398493275
20,4801543,7756.9353796445885,525258,619,9.141303892563274
21,4259763,5482.320463320463,401213,777,10.61721080822406
22,2801506,4525.857835218094,312129,619,8.975474883782026
23,4300299,5520.281129653402,375818,779,11.442504084423843
24,7313475,9388.28626444159,650800,779,11.237669022741242
25,8376557,11139.038563829787,1177772,752,7.112205927802664
26,5217266,6671.695652173913,434849,782,11.99787972376618
27,7383809,9478.57381258023,837237,779,8.819257868441074
28,4080950,5293.060959792478,448196,771,9.105279832930236
29,5737160,7364.775353016688,509233,779,11.266276930206802
30,4114046,5294.782496782497,603828,777,6.813274641122969
31,4596143,5862.427295918367,459464,784,10.003271202966936
32,2526117,4067.8212560386473,296333,621,8.524588891551058
33,6572158,8436.659820282413,651485,779,10.087965187226107
34,6296685,8031.485969387755,778872,784,8.084364311465812
35,7558693,9703.071887034659,568401,779,13.298169778026429
36,5824183,9363.638263665594,678178,622,8.587985750053821
37,5549053,7114.170512820513,609251,780,9.107991615934976
38,4677617,6004.643132220795,417034,779,11.21639242843509
39,3780153,4852.571245186136,490471,779,7.707189619773646
40,3804215,4902.3389175257735,515125,776,7.385032759039068
41,3318407,5335.059485530546,247531,622,13.406025911905983
42,7928768,10178.136071887035,856938,779,9.252440666652664
43,5315050,6822.9139922978175,475314,779,11.182186933269376
44,4295144,5478.5,501806,784,8.559371549961538
45,4166458,5348.469833119384,323582,779,12.876049965696485
46,3329125,5352.290996784566,410832,622,8.103373154963586
47,5601760,7145.102040816327,721790,784,7.760927693650507
48,3085014,3934.966836734694,336519,784,9.167428882173072
49,5675296,7304.113256113256,413137,777,13.737079951686729
50,3315479,4256.070603337613,279505,779,11.861966691114649
51,4152028,6675.286173633441,309126,622,13.431506893629136
52,4607742,7407.945337620578,313176,622,14.712947352287532
53,4127609,5264.807397959184,444300,784,9.29013954535224
54,6207418,7907.538853503184,573426,785,10.825142215386117
55,3587212,4598.989743589744,435992,780,8.227701425714233
56,5718290,7321.754161331626,395919,781,14.443080529098124
57,8155633,10591.73116883117,761161,770,10.714727895937916
58,3947427,6336.158908507223,319691,623,12.347632557688518
59,4302026,5501.312020460358,441060,782,9.753833945494945
60,6265808,8033.087179487179,556509,780,11.259131478556501
61,3668998,4722.005148005148,444241,777,8.259026069183168
62,5066512,6503.86649550706,559309,779,9.058520424309283
63,5453808,6956.3877551020405,500860,784,10.888887114163639
64,8070070,10359.525032092426,617633,779,13.066125028941135
65,3988058,5112.8948717948715,355602,780,11.214948172394982
66,4750858,6114.360360360361,407192,777,11.667365763570993
67,6083079,7828.930501930502,620297,777,9.806720006706465
68,5929590,7563.252551020408,903132,784,6.565585097195094
69,7362059,9426.451984635083,924441,781,7.963795417987735
70,5167478,6608.028132992327,531054,782,9.730607433519001
71,7058595,9061.09756097561,581851,779,12.131275876470093
72,2753676,4420.025682182985,295838,623,9.30805373211014
73,3588351,4576.978316326531,387402,784,9.262603187386745
74,4855145,6256.630154639175,662877,776,7.324352783397221
75,4722388,6023.4540816326535,503438,784,9.38027721387738
76,5606718,8999.54735152488,578204,623,9.696781758687246
77,5952383,7621.489116517286,517673,781,11.498345480641254
78,2899629,3717.473076923077,385990,780,7.512186844218762
79,4253485,5474.240669240669,435499,777,9.766922541727995
80,5933077,7616.2734274711165,450064,779,13.18274067688151
81,4345098,6985.688102893891,349252,622,12.441154238200497
82,7026310,9019.653401797175,653238,779,10.756125638741164
83,3028523,3887.7060333761233,269409,779,11.241357935332525
84,10092722,12955.997432605905,1084610,779,9.30539272180784
85,6850652,7272.454352441614,956508,942,7.162148147218842
86,3652727,4695.021850899743,470659,778,7.760877832995863
87,4598287,5865.161989795918,578159,784,7.9533259881797225
88,4699058,6024.433333333333,478523,780,9.819920881545924
89,3714173,5971.33922829582,388237,622,9.56676720662894
90,6548246,8416.768637532134,822393,778,7.962429154917418
91,4324904,5559.002570694088,477638,778,9.054773698910052
92,4671417,5996.684210526316,426158,779,10.961701997850563
93,4646872,5965.175866495507,470169,779,9.883407880995982
94,5547371,7121.14377406932,498672,779,11.124288109218083
95,5958064,7638.54358974359,658101,780,9.053418852121483
96,4037973,5176.888461538461,423364,780,9.537827968367646
97,5228649,6703.3961538461535,537288,780,9.73155737704918
98,3980584,5109.863928112965,351785,779,11.315388660687637
99,3191184,5130.520900321543,289554,622,11.0210323462981
100,4826434,7964.412541254125,415849,606,11.60621764149968
101,5856384,7469.877551020408,609290,784,9.61181703293998
102,5444156,7061.162127107653,808768,771,6.731418651578697
103,2959073,4689.497622820919,266040,631,11.122662005713426
104,7939205,10126.536989795919,1028904,784,7.716176630667196
105,3348791,4441.3673740053055,388347,754,8.623192660172474
106,6718335,8668.81935483871,639877,775,10.499416294069016
107,5751886,7336.589285714285,748964,784,7.679789682815195
108,6863994,11035.360128617363,527942,622,13.001416822302449
109,5068030,6464.323979591837,582023,784,8.707611211240794
110,3554993,4534.429846938776,460552,784,7.718982872726641
111,5288733,6771.745198463508,466784,781,11.330150562144375
112,4883888,6229.448979591837,608379,784,8.02770641327199
113,4477826,7199.077170418006,434973,622,10.294491842022378
114,4191703,5346.559948979592,476770,784,8.7918765861946
115,4585191,7371.689710610933,343372,622,13.353421362254348
116,5711629,7294.54533844189,593708,783,9.620266191461122
117,3024044,3881.956354300385,383319,779,7.889105418724352
118,6085216,7781.606138107417,528277,782,11.518987198004078
119,4707987,6005.085459183673,521332,784,9.030688697413549
120,5552990,7110.102432778489,498431,781,11.140940270569045
121,3473474,4453.171794871795,393208,780,8.833680901711054
122,5718883,6462.014689265537,702496,885,8.140805072199699
123,6450589,8399.204427083334,737109,768,8.751200975703728
124,3446410,4424.1463414634145,409507,779,8.415997772931842
125,9280089,11836.848214285714,1233970,784,7.520514275063413
126,5069540,6507.75353016688,423630,779,11.966905082265184
127,3263370,5238.154093097914,411023,623,7.939628682579807
128,5822099,7454.672215108835,464447,781,12.535550880940129
129,5727451,9208.120578778135,724918,622,7.900826024460698
130,3999550,5121.062740076824,448095,781,8.925674243185039
131,4109540,5275.404364569961,435381,779,9.43895117150266
132,3908185,6283.255627009647,362256,622,10.788461750806059
133,5057788,6467.759590792839,593403,782,8.52336102109359
134,3705099,4725.8915816326535,387764,784,9.555036052856892
135,4648837,5952.416133162612,421569,781,11.027464068752684
136,3414045,5488.818327974276,263716,622,12.945915302825767
137,5147039,8274.98231511254,595429,622,8.6442531351345
138,5721236,7334.917948717949,557266,780,10.266615942835198
139,4020701,6464.1495176848875,319593,622,12.580691692246075
140,5833328,7469.049935979513,752581,781,7.751096559705865
141,4305156,5540.741312741313,475445,777,9.055003207521375
142,3586489,4603.965340179718,443045,779,8.095089663578191
143,4919195,6314.756097560976,453411,779,10.849306699661014
144,4823879,7718.2064,455556,625,10.588992352202583
145,5072096,8342.263157894737,770814,608,6.580181470497422
146,6086195,7812.83055198973,547187,779,11.122696628392122
147,6397583,8212.558408215662,685221,779,9.336525004341665
148,6772949,8638.96556122449,642470,784,10.542047099475463
149,3462975,5567.483922829582,302428,622,11.450576666181703
150,6599117,8417.24107142857,643191,784,10.259964769407532
151,5269496,6755.764102564102,508566,780,10.361479139384072
152,4317171,5541.939666238768,484073,779,8.918429658336656
153,5505047,7066.812580231065,493792,779,11.148513949193182
154,6824045,8737.57362355954,575933,781,11.848678578931924
155,4290509,6886.852327447833,411372,623,10.429754577365498
156,5443980,6961.611253196931,557269,782,9.769034344275386
157,7574054,9722.790757381257,771078,779,9.82268201141778
158,6354198,8156.865211810013,405068,779,15.686743954101534
159,4827383,7748.60834670947,433591,623,11.133494468289241
160,4475644,5730.658130601792,436723,781,10.248244310466818
161,5649774,7252.598202824133,638171,779,8.85307229566997
162,6066911,7768.131882202305,433998,781,13.979122023603795
163,5722186,7298.706632653061,682711,784,8.381564087879058
164,3868966,6210.218298555377,394629,623,9.80405900225275
165,2486031,3996.8344051446948,262891,622,9.456508591013005
166,4533193,5819.24646983312,636652,779,7.120362458611612
167,7250708,9295.779487179487,823044,780,8.809623786820632
168,5840824,7517.148005148005,568177,777,10.27993741386927
169,5529699,7218.92819843342,526944,766,10.49390257788304
170,3902355,5009.441591784339,423591,779,9.212554091092587
171,6566306,8429.147625160462,675584,779,9.71945161519515
172,4342600,6981.672025723473,540457,622,8.035051817258358
173,6454502,8232.783163265307,789125,784,8.179315064153334
174,3692528,5936.540192926045,298263,622,12.38010748902814
175,4535086,5784.548469387755,541515,784,8.374811408732906
176,4111700,5278.177150192554,492327,779,8.351563087135176
177,3115395,3994.096153846154,378516,780,8.23055035982627
178,7870142,10089.92564102564,720381,780,10.924971646947935
179,5683019,7295.274711168165,744593,779,7.632383060275882
180,5660528,7220.061224489796,661099,784,8.562300048858038
181,3976421,6382.698234349919,416656,623,9.54365471756077
182,4142935,5304.654289372599,326297,781,12.696822220247197
183,2945836,4821.335515548281,367233,611,8.021708288743113
184,5123769,6594.2972972972975,462834,777,11.070424817537173
185,5621764,7170.617346938776,427459,784,13.151586467941955
186,2353548,3783.83922829582,237019,622,9.929786219670152
187,4923311,6279.7334183673465,608155,784,8.095487170211541
188,3884836,4986.952503209242,341389,779,11.37949963238417
189,6826322,8762.929396662388,652121,779,10.467876360368704
190,4477750,7198.954983922829,408097,622,10.972268847847449
191,4253819,6838.9372990353695,444020,622,9.580241880996352
192,5608471,9016.834405144695,401447,622,13.970638714450475
193,4166302,5362.036036036036,607349,777,6.859815361513726
194,3752516,4829.492921492922,324514,777,11.563494949370444
195,8345567,10713.17971758665,1011485,779,8.250806487491165
196,4079175,5216.3363171355495,544939,782,7.485562604254788
197,5367788,6846.668367346939,660348,784,8.128726065650232
198,2268273,2900.6048593350383,264690,782,8.569545506063697
199,6197488,7955.697047496791,486550,779,12.737617922104613
200,6021315,7729.5442875481385,753802,779,7.987926537738026
201,4089245,5249.351732991014,346044,779,11.817124411924496
202,4737388,6065.797695262484,397835,781,11.907921625799641
203,5298238,6775.240409207161,690154,782,7.676892403724386
204,3412446,5486.247588424438,326039,622,10.466373654685482
205,5124867,6536.820153061224,689282,784,7.435080271935144
206,5575733,7157.551989730424,623126,779,8.948002490668019
207,8768418,11184.206632653062,1019499,784,8.600712703004122
208,2302052,2936.2908163265306,324162,784,7.10154799143638
209,4928424,5587.78231292517,509083,882,9.68098325813276
210,2488114,3193.98459563543,254156,779,9.789711830529281
211,10187567,12994.345663265307,1164871,784,8.745661107538947
212,3744115,4775.656887755102,361234,784,10.364791243349186
213,6334081,8131.0410783055195,508427,779,12.458191638130941
214,7269531,9331.875481386392,557336,779,13.043354457634173
215,3920679,6313.492753623188,304466,621,12.877230955180545
216,5607978,7226.775773195876,688834,776,8.14126190054498
217,3685496,4700.8877551020405,504018,784,7.31223091238805
218,3121555,5018.577170418006,433160,622,7.206471049958445
219,2441162,3133.712451861361,316620,779,7.7100688522519105
220,3807392,4906.432989690722,500228,776,7.61131324116203
221,4564321,5821.838010204082,433356,784,10.532497530898384
222,3906246,4982.456632653061,440266,784,8.872468007976996
223,5656109,7232.875959079284,577676,782,9.791144170780854
224,5151315,6629.749034749035,371919,777,13.850636832213466
225,4064054,5197.0,435047,782,9.341643546559338
226,5667944,7257.290653008963,549052,781,10.323146077238587
227,4623704,6020.447916666667,430968,768,10.728648066677804
228,6190043,7946.139922978177,462038,779,13.397259532765704
229,6734738,8645.36328626444,571982,779,11.774388005216947
230,5928326,7561.640306122449,737138,784,8.042355705444571
231,2967114,4770.279742765273,245380,622,12.091914581465483
232,2583221,3372.351174934726,232738,766,11.099266127576932
233,7365681,9431.089628681179,805731,781,9.14161301972991
234,8625334,11072.315789473685,798258,779,10.805195813884733
235,4635585,5935.44814340589,391382,781,11.844144595305865
236,5581738,7119.563775510204,677994,784,8.232724773375576
237,3556217,4535.991071428572,450589,784,7.892374203542475
238,5868876,7661.718015665796,843640,766,6.9566118249490305
239,3950473,5071.210526315789,367741,779,10.742541625763785
240,3772636,4812.035714285715,360447,784,10.466548480081677
241,5128334,6583.227214377407,548976,779,9.34163606423596
242,3196707,4093.0947503201023,285726,781,11.188015791352555
243,4407146,7074.07062600321,594010,623,7.419312806181714
244,4106186,5271.098844672657,420927,779,9.75510242868716
245,6949075,8897.663252240716,797211,781,8.716732458533563
246,5551547,7081.054846938776,734843,784,7.554738903412021
247,6698411,8576.710627400767,534178,781,12.53966093699104
248,6555942,8362.170918367347,872228,784,7.516316834589121
249,4144086,5285.823979591837,421584,784,9.829799043606968
250,6615557,8470.623559539052,513850,781,12.874490610100224
251,14896870,19123.068035943517,1908934,779,7.803763776013209
252,8269484,10615.512195121952,630702,779,13.111555060868683
253,4476698,5746.724005134788,538066,779,8.319979333390327
254,2341661,3005.9833119383825,201507,779,11.620742703727414
255,4885211,6271.130937098845,498843,779,9.793083194512102
256,7630314,9832.87886597938,967823,776,7.883997383819149
257,4183099,5335.585459183673,495496,784,8.442245749713418
258,3509384,5642.096463022508,307197,622,11.42388760306904
259,10851871,11643.638412017168,2210980,932,4.908172394141964
260,5143038,6559.997448979592,714576,784,7.197328205817156
261,9828244,12616.487804878048,739220,779,13.295424907334759
262,19516842,20718.51592356688,3204694,942,6.09007973928244
263,2306075,3707.516077170418,221342,622,10.418605596768801
264,5512491,7234.240157480315,727234,762,7.580078764194194
265,3859812,4954.829268292683,392036,779,9.845555000051016
266,3424011,4389.757692307692,414483,780,8.26092023074529
267,7282702,9289.160714285714,881620,784,8.260590730700303
268,3826840,4881.173469387755,468855,784,8.162097023600047
269,7281084,9346.706033376124,959027,779,7.592157467933645
270,7284633,9291.623724489797,944773,784,7.710458491087277
271,6116519,7841.691025641026,617651,780,9.902872334052725
272,4871343,6237.314980793854,491687,781,9.907406541153213
273,5499466,7059.648267008986,548145,779,10.032867215791443
274,3794012,4070.8283261802576,925235,932,4.100592822364048
275,4630070,7443.842443729904,466063,622,9.934429465544358
276,3191132,4091.1948717948717,406340,780,7.853354333809126
277,4008491,6444.519292604502,332923,622,12.04029460265587
278,5599459,7142.1670918367345,621398,784,9.011066981226202
279,5532919,8881.08988764045,415873,623,13.304347721539989
280,4869839,6267.489060489061,404863,777,12.028362680709277
281,4594724,5860.617346938776,430929,784,10.662368974935546
282,3456330,4408.584183673469,502531,784,6.8778443518907295
283,4425007,7114.1591639871385,446799,622,9.903797904650638
284,3367042,5413.250803858521,279858,622,12.031251563292813
285,4025996,5154.924455825864,367256,781,10.962369573267694
286,3838772,4927.8202824133505,335325,779,11.44791470961008
287,5070793,8152.400321543409,509417,622,9.954110286857329
288,3499206,5625.733118971061,262806,622,13.31478733362252
289,4936879,6321.227912932139,432447,781,11.416148106010679
290,5464029,7014.1578947368425,531828,779,10.274052889279993
291,6257971,8023.039743589744,655473,780,9.547259765085672
292,4422953,5774.090078328982,541196,766,8.172553012217385
293,4899830,6257.765006385696,638439,783,7.674703456399124
294,4506589,5770.280409731114,598265,781,7.5327639089701055
295,4106780,5285.4311454311455,521352,777,7.87717319584465
296,5438463,6963.460947503201,589505,781,9.225473914555431
297,5432839,6992.070785070785,559386,777,9.71214688962541
298,5223940,8398.617363344052,429979,622,12.149291011886627
299,5499540,6235.306122448979,602255,882,9.131580476708372
300,5534680,7077.595907928388,687137,782,8.05469651612415
301,4342138,5538.441326530612,467376,784,9.29045992947862
302,2922724,3742.2842509603074,252528,781,11.573861116391054
303,4740126,6180.086049543676,516285,767,9.181219675179406
304,5541079,7067.702806122449,827856,784,6.69328844629984
305,4176274,5347.341869398208,396325,781,10.537498265312559
306,2717435,4368.86655948553,291021,622,9.33759075805526
307,2114322,2703.7365728900254,240704,782,8.78390886732252
308,7183229,9353.162760416666,720753,768,9.966283872561057
309,5430658,6971.319640564827,460414,779,11.795162614516501
310,7388018,8236.363433667782,627604,897,11.77178284395893
311,5184737,6638.587708066581,616333,781,8.412233321921754
312,4348731,5568.157490396927,420688,781,10.337188129920511
313,5533037,7075.494884910486,552885,782,10.007573003427476
314,4002280,5137.715019255455,445010,779,8.993685535156514
315,3333890,4252.410714285715,352465,784,9.458783141588526
316,7677532,9855.62516046213,702532,779,10.928373369469291
317,3346040,5379.4855305466235,360336,622,9.285888726077882
318,5871619,7527.716666666666,513822,780,11.427340596549
319,6105068,7787.076530612245,661449,784,9.229839337575536
320,11630218,14834.461734693878,1617489,784,7.190291865972505
321,4647488,5958.317948717949,456662,780,10.177085021306787
322,3926557,5021.1726342711,428432,782,9.164947996414833
323,5737615,7365.359435173299,483870,779,11.85776138218943
324,4436629,5687.985897435898,562953,780,7.880993617584417
325,5051539,6484.645699614891,524314,779,9.634568216755609
326,3901936,5008.903722721438,326200,779,11.9617903126916
327,6012573,7728.242930591259,723138,778,8.314558217103789
328,3452551,4432.029525032092,405391,779,8.516595089678853
329,5385006,6912.716302952504,483386,779,11.140177828898643
330,3245811,4166.6379974326055,348645,779,9.309787893129114
331,4799307,6160.85622593068,638940,779,7.511357873978778
332,2908282,3728.5666666666666,391168,780,7.4348668602748695
333,7662181,9773.190051020409,993414,784,7.712978677570479
334,4228712,5428.385109114249,437907,779,9.656643990619013
335,12541731,13313.93949044586,2246936,942,5.581703706736641
336,10850316,13910.661538461538,1529043,780,7.0961483751601495
337,3943779,5049.653008962868,299850,781,13.152506253126564
338,5637222,7217.95390524968,487915,781,11.55369685293545
339,3881031,5133.638888888889,513596,756,7.5565833846057995
340,5084744,6485.642857142857,560590,784,9.070343744982964
341,4293485,5511.534017971759,584355,779,7.3473915684814886
342,6895670,11104.138486312399,527685,621,13.067777177672285
343,5608306,7199.365853658536,546982,779,10.253182005989228
344,6649189,8481.108418367347,893298,784,7.4434164187090985
345,2836062,4559.585209003216,307503,622,9.222875874381714
346,5320960,6830.500641848524,482745,779,11.022299557737522
347,3732856,4804.190476190476,300454,777,12.424051601909111
348,5255376,8802.97487437186,439128,597,11.967754276657375
349,5711451,8159.215714285714,580713,700,9.835238749606088
350,5477257,7013.133162612035,413472,781,13.246984076309882
351,4710510,6046.867779204108,404164,779,11.654947001712177
352,5246710,6692.232142857143,499372,784,10.506616310085468
353,5255773,5645.298603651987,1349510,931,3.894578773036139
354,6536263,8390.581514762516,549547,779,11.89391080289766
355,7172668,9148.811224489797,863704,784,8.304544149384512
356,4443882,5719.281853281854,338618,777,13.123584688350885
357,5986921,7795.470052083333,781188,768,7.663867084491825
358,8028461,10306.111681643133,874499,779,9.18064057248779
359,5337128,6851.255455712452,476709,779,11.195777717643258
360,5437400,6935.459183673469,593128,784,9.167329817509879
361,4888169,6266.883333333333,497502,780,9.82542582743386
362,7323168,9376.65556978233,898633,781,8.149231109919178
363,5593213,7134.2002551020405,734675,784,7.6131799775410895
364,3510451,4553.114137483787,437640,771,8.021321177223289
365,3378609,5440.594202898551,364655,621,9.265220550931703
366,4833475,6196.76282051282,468724,780,10.311985304784905
367,4119323,5254.238520408163,425547,784,9.68006589166414
368,7526231,9686.268983268983,553908,777,13.587510922391443
369,5354973,6856.559539052497,450860,781,11.877241272235283
370,5959072,7649.643132220795,495158,779,12.034687917795935
371,5380900,6889.756722151088,425185,781,12.655432341216176
372,6844455,8786.206675224646,591494,779,11.571469871207485
373,3520201,4530.5032175032175,245955,777,14.31237828057978
374,5495584,7009.673469387755,650513,784,8.44807713297044
375,7148220,9164.384615384615,592001,780,12.074675549534545
376,6548133,8460.12015503876,735270,774,8.90575298869803
377,6129725,7818.526785714285,760021,784,8.065204777236419
378,4927020,6324.801026957638,755752,779,6.5193608485323224
379,3059341,3902.220663265306,366551,784,8.346290147892107
380,11261676,14456.580231065469,1075375,779,10.472324537951877
381,7021213,9001.555128205127,752849,780,9.326190245321438
382,6228961,7985.847435897436,507968,780,12.262506693335013
383,13489879,17294.716666666667,1720249,780,7.841817667093543
384,6937572,8871.575447570332,781105,782,8.881740611057412
385,4570779,7348.519292604502,407132,622,11.226774117485238
386,6255013,8029.541720154044,502764,779,12.44125076576684
387,7171744,9362.590078328982,915984,766,7.829551607888347
388,7990920,10257.920410783056,854131,779,9.355614068567936
389,8104523,10337.401785714286,992082,784,8.169206779278326
390,9023552,11568.65641025641,832564,780,10.838268289284668
391,4392619,5719.555989583333,530324,768,8.282896870592317
392,5670675,7279.428754813864,559386,779,10.137320204652958
393,4598489,5903.06675224647,457473,779,10.051935305471579
394,6523885,8353.245838668374,516922,781,12.620637156089312
395,3107536,3989.1347881899874,404811,779,7.676510766752879
396,7973232,10222.092307692308,840769,780,9.48326115734524
397,4342834,5574.883183568678,584418,779,7.431040796142487
398,4309274,5496.522959183673,481859,784,8.94301860087702
399,3457604,5558.84887459807,351419,622,9.838978541285474
400,6839152,8745.718670076727,938908,782,7.284155636121963
401,5480695,7026.532051282052,504539,780,10.86277770400306
402,4569233,5857.991025641026,480033,780,9.518581014221938
403,5817980,7468.523748395379,573879,779,10.137990761118633
404,3631985,4785.223978919631,433625,759,8.375866243874315
405,3521625,4520.699614890886,379921,779,9.269361261946562
406,4760515,6111.059050064185,369296,779,12.890784086478055
407,2417555,3886.744372990354,195715,622,12.352425721074011
408,3673481,4727.774774774774,361353,777,10.165907021665795
409,4316867,5527.358514724712,424611,781,10.166639583053666
410,5019781,6443.878048780488,624920,779,8.032677782756192
411,7133158,9133.364916773367,547362,781,13.031883835560379
412,5661520,9102.122186495177,401013,622,14.118046048382471
413,4390211,7058.2170418006435,553592,622,7.930409037702857
414,5020250,6427.97695262484,378114,781,13.277080457216607
415,4863171,6234.834615384615,406599,780,11.960607379752533
416,8633413,11012.00637755102,1096337,784,7.8747802910966245
417,5946326,7633.281129653402,626318,779,9.49410044099004
418,4094061,5275.851804123711,428005,776,9.565451338185301
419,4163948,5311.158163265306,668016,784,6.2333057890828965
420,2824092,4540.3408360128615,250784,622,11.261053336735996
421,7517189,9588.251275510203,795282,784,9.452230781031131
422,3574303,4559.059948979592,364186,784,9.814498635312725
423,10200356,10828.403397027601,1776735,942,5.741067745049206
424,5395164,6925.756097560976,602495,779,8.954703358534095
425,2512424,3237.659793814433,337080,776,7.453494719354456
426,3948281,5068.396662387677,493761,779,7.996340334696341
427,4761741,7643.243980738363,480391,623,9.912219421263096
428,3910828,6287.5048231511255,327530,622,11.94036576802125
429,3309752,5321.144694533762,267103,622,12.391294743975171
430,5369397,8632.471061093247,435346,622,12.333631180716027
431,7419918,9524.926829268292,780912,779,9.501605814739689
432,8610571,10982.871173469388,1218907,784,7.06417388693313
433,4621066,5360.865429234339,530762,862,8.706474841831179
434,6160800,9904.823151125402,461312,622,13.35495283018868
435,2553322,3277.6919127086007,299263,779,8.532033696113452
436,4297398,5509.484615384616,481058,780,8.933222189424145
437,5746040,7366.717948717948,567017,780,10.133805512004049
438,4019904,5153.723076923077,408975,780,9.829216944801027
439,5719235,7294.942602040816,693947,784,8.241602024362091
440,4006273,5156.078507078507,457624,777,8.754508067758684
441,4929786,6328.351732991014,545030,779,9.04498101021962
442,3402587,4379.133848133848,358458,777,9.492289194271017
443,4095855,5251.096153846154,381307,780,10.741620269231879
444,9470625,12188.706563706564,1105765,777,8.564771899996835
445,6673717,8600.150773195875,1052928,776,6.338246299841964
446,3842157,4932.165596919127,494709,779,7.766499093406427
447,4161176,5307.622448979592,485603,784,8.569090388650812
448,6609087,8484.065468549423,577957,779,11.435257294227771
449,8789176,11253.74647887324,1198781,781,7.331761180732761
450,6830229,8790.513513513513,846853,777,8.065424577819291
451,4248112,5439.3239436619715,358216,781,11.859079438104384
452,4037476,5149.841836734694,375007,784,10.766401693835048
453,6896821,7775.446448703495,811228,887,8.501704822811837
454,4519416,5794.123076923077,551135,780,8.200197773685213
455,5727571,7371.391248391248,359933,777,15.912881008409899
456,4822447,6190.5609756097565,697454,779,6.914358509665154
457,3010824,4840.5530546623795,269133,622,11.187123095272598
458,5921634,7582.117797695262,548787,781,10.79040502052709
459,7194572,9176.75,886078,784,8.119569608996049
460,2914087,3736.0089743589742,269319,780,10.820205778277804
461,3759643,4838.66537966538,370263,777,10.153979738726257
462,3769419,4832.588461538461,472848,780,7.971735103035225
463,4747749,6094.671373555841,755184,779,6.286877105447149
464,8343864,10642.683673469388,1023585,784,8.151608317824119
465,6062752,7762.806658130602,472261,781,12.837714738248554
466,6007933,7712.365853658536,588740,779,10.20473044128138
467,10501035,13480.147625160462,1257034,779,8.353819387542421
468,5229014,6669.660714285715,591594,784,8.838855701714351
469,9330742,11901.456632653062,1192174,784,7.8266612088503855
470,10174712,13111.742268041236,1377377,776,7.387020401821723
471,4422266,7109.752411575562,367107,622,12.046258992609784
472,4080447,5204.651785714285,543274,784,7.510845356118644
473,2767243,3552.3016688061616,378998,779,7.301471247869382
474,5885972,7526.818414322251,576183,782,10.215455853435454
475,5023680,6473.81443298969,761981,776,6.59292029591289
476,4564251,5851.6038461538465,506843,780,9.005256065487735
477,3864914,6213.688102893891,279830,622,13.811649930314834
478,5336648,6806.948979591837,548324,784,9.732654416002218
479,8782548,11230.879795396419,1039144,782,8.451714103146436
480,3869738,4935.890306122449,488793,784,7.91692597889086
481,4026351,5155.379001280409,372314,781,10.814395913127091
482,6517671,8334.617647058823,720149,782,9.050447893422056
483,3859771,4948.424358974359,507014,780,7.612750338254959
484,6050653,7717.669642857143,580053,784,10.431207148312309
485,3029769,4871.011254019292,261854,622,11.570451472958213
486,3323793,4266.7432605905005,405098,779,8.204910910446362
487,5487451,6999.2997448979595,530591,784,10.342148660644451
488,2890074,3686.3188775510203,304193,784,9.500790616483615
489,5698967,7306.367948717949,506711,780,11.246977073716575
490,5131331,8249.728295819936,661634,622,7.7555430948228175
491,5242001,6746.462033462033,409706,777,12.794542916139866
492,4825503,7859.125407166124,709936,614,6.797095794550494
493,6462326,8295.668806161746,629636,779,10.263590391908975
494,7205637,7649.296178343949,1016989,942,7.085265425683071
495,4005216,5154.718146718146,306840,777,13.053109112240907
496,6059458,7728.900510204082,650918,784,9.309095769359581
497,7077518,9062.122919334188,871875,781,8.117583369175627
498,4351844,6996.5337620578775,550201,622,7.909553054247448
499,4006203,5155.988416988417,573176,777,6.989481415830391
500,3330211,5354.036977491962,246036,622,13.535462290071372
501,3345228,5378.180064308682,365618,622,9.14951670869596
502,8377408,10823.524547803618,1176212,774,7.1223622952324925
503,5224595,6698.198717948718,367061,780,14.233587877764187
504,5231756,6673.158163265306,747470,784,6.999285590057126
505,3711170,4776.280566280566,462013,777,8.032609472027843
506,5905867,7581.344030808729,655686,779,9.00715738936015
507,6587045,8455.770218228497,517083,779,12.738854303854508
508,5251735,6767.6997422680415,514110,776,10.215197136799517
509,4783674,6125.062740076824,404802,781,11.817318096254466
510,6385260,8196.739409499358,656074,779,9.73253017190134
511,4439259,5662.320153061224,635509,784,6.985359766738158
512,4105679,5510.978523489933,959539,745,4.278803675515013
513,14252406,18179.089285714286,1643527,784,8.671841716016834
514,3580238,5756.009646302251,375667,622,9.530350017435655
515,7056301,9058.152759948653,575142,779,12.268797966415251
516,4579807,5879.084724005134,592467,779,7.730062602642848
517,4525491,5962.438735177866,494050,759,9.159985831393584
518,3653972,5865.123595505618,314185,623,11.630001432277162
519,4160155,5306.320153061224,438316,784,9.491223227078182
520,3033870,3869.7321428571427,323837,784,9.368509466182061
521,4036010,5181.014120667523,332238,779,12.147948157646026
522,5122860,8222.889245585875,394373,623,12.98988521019441
523,12175995,15530.605867346938,1397803,784,8.710809033891042
524,6793232,7710.819523269012,721100,881,9.420651781999723
525,8012460,10233.026819923372,685569,783,11.687313749600696
526,8312841,10630.231457800512,1139140,782,7.297470899099321
527,8383796,10734.693982074265,781383,781,10.729432301445001
528,8338762,10704.444159178434,744295,779,11.203571164659174
529,6133846,7823.783163265306,596775,784,10.278322650915337
530,4198697,4634.323399558499,680230,906,6.172466665686606
531,3843117,4901.934948979592,470876,784,8.161632786551024
532,8487100,10894.865211810013,996269,779,8.518883956039986
533,7505547,9659.648648648648,701034,777,10.706395124915481
534,4684684,7519.556982343499,354298,623,13.222439867004612
535,6322186,8115.771501925546,718716,779,8.796500982307338
536,6484095,8323.613607188703,687884,779,9.426145978100958
537,4335799,5580.178893178893,469489,777,9.235145019372126
538,3025475,3859.0242346938776,445253,784,6.7949570244333
539,7035419,11310.963022508038,710498,622,9.90209543165498
540,3513672,5648.990353697749,243396,622,14.436030173051323
541,5235513,6720.812580231065,667668,779,7.84149157964737
542,3885411,6246.641479099679,330680,622,11.749761098342809
543,2179287,2790.3802816901407,187583,781,11.617721222072362
544,10993709,14094.498717948718,1439156,780,7.63899744016632
545,8284865,10635.256739409499,799891,779,10.35749245834745
546,10726323,13681.53443877551,1271083,784,8.438727447381485
547,3578049,5752.490353697749,275078,622,13.007397901686067
548,3896082,5066.426527958388,307908,769,12.653396469075178
549,3639890,4642.716836734694,429407,784,8.476550219255857
550,4665403,5973.627400768246,387883,781,12.027861494316586
551,5142553,6559.378826530612,774390,784,6.640779193946202
552,6030778,7721.866837387965,538809,781,11.192793735813618
553,5468991,7038.598455598456,496306,777,11.019393277534425
554,3513115,4481.014030612245,428076,784,8.206755342509274
555,3223315,5173.860353130016,298433,623,10.80079950943763
556,5620964,7178.753512132823,650457,783,8.641561240789168
557,3410036,4383.079691516709,525941,778,6.48368543239641
558,2541355,3241.5242346938776,355175,784,7.155219258112198
559,4588710,5882.961538461538,585217,780,7.841040161170985
560,10168806,13612.859437751003,1225287,747,8.299121756780249
561,5385871,6913.826700898588,531991,779,10.123988939662514
562,16927322,17969.55626326964,2924960,942,5.787197773644768
563,4278470,5513.492268041237,545236,776,7.847005700283914
564,4306402,5528.115532734275,380646,779,11.313404055211404
565,5169769,6636.4172015404365,617215,779,8.375961374885575
566,3845237,4904.639030612245,427157,784,9.001929033118971
567,4083132,5241.504492939666,523036,779,7.8065983985805945
568,3809325,4877.496798975672,323256,781,11.78423602346128
569,3543332,4519.556122448979,511836,784,6.922787767956923
570,3533080,4535.404364569961,515535,779,6.853230139563754
571,4815991,7742.750803858521,358047,622,13.450722949780337
572,5345670,6888.75,443496,776,12.053479625520861
573,2472309,3974.773311897106,208622,622,11.850662921456031
574,6913915,8898.217503217504,517928,777,13.34918173954681
575,3343994,5367.566613162119,307112,623,10.888516241631718
576,5474294,6982.517857142857,756615,784,7.235243816207714
577,3883479,4953.4170918367345,457367,784,8.49094709500248
578,7356117,8164.39178690344,697049,901,10.55322796532238
579,6461297,8294.347881899872,709982,779,9.100649030538802
580,7994967,10197.661989795919,1256554,784,6.3626131467489655
581,4154967,5333.718870346598,457777,779,9.076399644368328
582,5492051,7023.083120204604,675115,782,8.134985891292594
583,3363288,4311.907692307693,350283,780,9.601630681477548
584,3697954,4734.89628681178,338512,781,10.92414449118495
585,4449323,5675.156887755102,676591,784,6.576089543017865
586,11742401,15131.960051546392,1832458,776,6.40800553136825
587,6020227,9663.285714285714,427184,623,14.09281948762126
588,4825215,6154.610969387755,518339,784,9.308994692662523
589,3537175,4672.622192866578,373858,757,9.46127941624895
590,3872700,4984.169884169884,304273,777,12.727714913909548
591,4429448,5700.705276705276,387507,777,11.430627059640212
592,3465390,4448.5109114249035,444038,779,7.804264499885145
593,7454238,9507.956632653062,965705,784,7.718959723725154
594,3258199,4155.866071428572,358034,784,9.10025025556232
595,11774982,15019.109693877552,1382516,784,8.517067433577623
596,3532562,4505.818877551021,547535,784,6.451755595532705
597,3957495,5080.224646983312,566742,779,6.982886392750141
598,3665006,5892.2926045016075,453190,622,8.087129018733865
599,7659466,9769.727040816326,686442,784,11.158212929861518
600,5485348,6996.617346938776,485495,784,11.298464453804879
601,3807976,4875.769526248399,307941,781,12.365927239308828
602,4920431,6300.167733674776,479688,781,10.257565334133854
603,5297052,6933.314136125655,722465,764,7.331915040867032
604,4953601,7963.988745980708,368077,622,13.458056330604737
605,5466800,7026.735218508998,395780,778,13.812724240739804
606,4577941,5839.210459183673,486724,784,9.405620022846623
607,3051294,3901.910485933504,323807,782,9.423187268959596
608,7275038,9326.971794871795,735209,780,9.895197148021856
609,3636230,4638.048469387755,395622,784,9.191172381717902
610,3269954,4197.630295250321,405391,779,8.066173151352645
611,3602813,5792.303858520901,305106,622,11.808397737179865
612,4246423,6816.088282504013,264263,623,16.068927545664735
613,5261587,6728.372122762148,782665,782,6.722655286744648
614,5140680,6590.615384615385,734125,780,7.002458709347863
615,7585401,9712.421254801537,968524,781,7.83191846562398
616,6611772,8487.512195121952,646898,779,10.220733407739706
617,4960149,6359.165384615385,448262,780,11.065289942042822
618,5334682,6830.578745198463,394848,781,13.510723113704515
619,2676841,4303.602893890676,266765,622,10.034453545255188
620,4835283,7773.766881028939,441221,622,10.958868684854075
621,4608739,5916.224646983312,628261,779,7.335707611963818
622,3385282,4317.961734693878,337120,784,10.041771476032274
623,5473895,7127.467447916667,639137,768,8.56450964347237
624,5467853,7019.06675224647,531966,779,10.27857607441077
625,4907852,6300.195121951219,480529,779,10.213435609505357
626,7318373,9382.529487179487,647107,780,11.30937078412071
627,4679168,5991.252240717029,480797,781,9.732107313481574
628,4885169,6231.0829081632655,598144,784,8.167212243205649
629,4760004,7652.739549839228,422113,622,11.276610765363777
630,5403029,6935.852374839538,618196,779,8.739993464855806
631,4233841,5400.307397959184,500538,784,8.458580567309575
632,5510559,7028.774234693878,708433,784,7.778518222612441
633,4482889,7207.2170418006435,341963,622,13.109280828627659
634,5236366,6713.289743589744,507938,780,10.309065279620741
635,4609211,5909.244871794872,465439,780,9.902932500284678
636,3692957,5927.699839486357,445334,623,8.292555699766917
637,5415918,8707.263665594855,431086,622,12.563428179064038
638,3713936,6009.605177993528,313767,618,11.836604869218242
639,3688329,4734.697047496791,378581,779,9.74250952900436
640,8984969,11533.978177150193,685137,779,13.114120241645102
641,4490386,5764.295250320924,419152,779,10.713025346413712
642,2845461,3652.7098844672655,373828,779,7.611685053019036
643,6267634,7994.431122448979,799871,784,7.835806023721325
644,5537010,9353.057432432432,609472,592,9.08492925023627
645,8337410,10730.2574002574,1031306,777,8.084322208927322
646,3126126,5025.926045016077,439386,622,7.114760142562576
647,4527267,5774.5752551020405,531153,784,8.523470638403623
648,5154013,6573.996173469388,478100,784,10.780198703200167
649,2873358,3683.7923076923075,301609,780,9.526764784870478
650,3975207,6391.008038585209,412899,622,9.627552985112581
651,5932759,7615.865211810013,738819,779,8.030057429492203
652,5190629,6637.632992327366,532554,782,9.746671699020194
653,4608178,5915.504492939666,389640,779,11.826758033056155
654,5050619,6475.152564102564,533663,780,9.464060652509168
655,6256703,8031.711168164314,535521,779,11.683394301997494
656,2534495,3245.192061459667,296129,781,8.558753110975285
657,4698459,6054.715206185567,594536,776,7.902732551098672
658,4719829,6058.83055198973,466330,779,10.121221023738554
659,4407938,5643.966709346991,535041,781,8.238505086526079
660,2871525,4616.599678456591,309426,622,9.280167148203448
661,5503903,7157.221066319896,453009,769,12.149654863369161
662,6616587,8439.524234693878,604735,784,10.941299908224263
663,3623173,4786.2258916776755,494265,757,7.330425986060109
664,3858158,4946.3564102564105,469879,780,8.21096069413615
665,6360621,8207.252903225806,975872,775,6.517884517641658
666,5451906,7016.610038610039,508809,777,10.715034521795015
667,6879831,8786.501915708812,621178,783,11.075458242242965
668,7009629,8940.853316326531,906876,784,7.729423868312757
669,2807854,4514.2347266881025,245019,622,11.459739856909056
670,4092358,6589.94847020934,435070,621,9.406205897901486
671,3691881,5935.5,369379,622,9.994831866456945
672,6892942,8837.105128205128,1083587,780,6.361226186729815
673,5536916,7126.018018018018,452784,777,12.228603484222058
674,6112239,8193.349865951743,756535,746,8.07925476018955
675,3341266,4278.189500640205,350178,781,9.541621689540747
676,7057092,7687.464052287582,1549211,918,4.555281365804916
677,4938047,7938.98231511254,396633,622,12.449914656622116
678,5686651,7299.937098844673,642924,779,8.8449816774611
679,7796037,9943.924744897959,832152,784,9.36852522135379
680,4080960,5205.306122448979,620159,784,6.580505967018135
681,2731676,3561.5071707953066,375017,767,7.284139119026604
682,10557379,11207.408704883228,1656830,942,6.37203515146394
683,7171315,9147.085459183674,688589,784,10.414507057185055
684,4802690,7721.36655948553,385149,622,12.469693547172653
685,5165199,6630.550706033376,477101,779,10.826217090301634
686,4875320,6250.410256410257,587900,780,8.292770879401258
687,6522150,8372.464698331194,572085,779,11.40066598494979
688,2820350,3615.8333333333335,284035,780,9.929586142552854
689,5503014,7046.112676056338,557206,781,9.876085325714367
690,4354600,5589.987163029525,617086,779,7.056714947349316
691,6521018,8371.011553273427,484001,779,13.47314984886395
692,5132377,6588.4172015404365,620914,779,8.265841968452959
693,5160800,6607.938540332906,386231,781,13.361951785330541
694,5005559,8047.522508038585,482870,622,10.366266282850457
695,4201243,5393.123234916559,400312,779,10.494921461260217
696,6154509,7850.139030612245,780542,784,7.8849171473155835
697,8301159,10656.173299101412,782616,779,10.606937501916649
698,12202270,15564.119897959185,1518304,784,8.036776561215673
699,6373219,8320.129242819843,749312,766,8.505427645626922
700,3297857,4356.482166446499,399042,757,8.264435823797996
701,3594522,5778.974276527331,391641,622,9.178104437482286
702,2720610,4373.971061093248,215970,622,12.597166273093485
703,2563326,3290.5340179717587,274642,779,9.333335760735794
704,8138397,10393.865900383142,843720,783,9.645850519129569
705,6206501,7967.267008985879,747320,779,8.305011240164855
706,3572311,5743.2652733118975,326197,622,10.95139133713676
707,6481071,8319.731707317073,711970,779,9.103011362838322
708,3145529,4571.989825581395,325392,688,9.66689101145695
709,7751342,9886.915816326531,1017426,784,7.61858061421666
710,2828018,4546.652733118971,232122,622,12.183326009598401
711,4307666,6914.39165329053,318552,623,13.522646224164344
712,3994137,6421.442122186495,357449,622,11.174005242705952
713,8349365,10718.055198973043,1023424,779,8.158265782315052
714,3538417,4553.947232947233,257282,777,13.753068617314852
715,5037090,6491.095360824742,524113,776,9.610694640277956
716,3556025,5717.081993569132,282580,622,12.584135466062708
717,4325705,5552.894736842105,435789,779,9.926145451124283
718,6178736,7911.313700384123,667942,781,9.250407969554242
719,3348602,5383.604501607717,284100,622,11.786701865540303
720,5618245,7166.128826530612,562504,784,9.987920085901612
721,6015956,7673.413265306122,592864,784,10.147278296540184
722,7711931,9836.646683673469,1241124,784,6.213666805250725
723,5492073,7032.10371318822,442701,781,12.405829216559258
724,5307253,6812.905006418485,544604,779,9.745159785826031
725,4505981,5747.4247448979595,466760,784,9.653742822863999
726,8617965,11048.673076923076,830336,780,10.378888787189764
727,3537376,4529.290653008963,353663,781,10.002109352688858
728,4075915,5245.70785070785,355913,777,11.45199810065943
729,8217604,10548.913992297817,843139,779,9.746440385274552
730,6315412,8055.372448979592,771672,784,8.184062658746203
731,7177402,9249.2293814433,737912,776,9.726636780537516
732,5135916,5816.439411098528,584069,883,8.793337773448
733,14067158,14933.288747346072,3206058,942,4.387680447452916
734,4658828,5980.523748395379,440954,779,10.565337881048817
735,4304462,5518.541025641026,424583,780,10.138093140799326
736,3261815,5244.075562700965,316774,622,10.296978287359442
737,4765845,6117.901155327343,699863,779,6.809682752195787
738,6628200,8508.600770218229,546636,779,12.125436304963449
739,5944868,9557.665594855305,476019,622,12.488719988067704
740,5449956,6978.176696542893,397647,781,13.705512678330278
741,5973663,7619.468112244898,721461,784,8.279952762519388
742,6252167,8025.888318356868,679893,779,9.19581022307922
743,2976940,3816.5897435897436,326296,780,9.123433937283938
744,4511526,7457.067768595041,505061,605,8.932635859826833
745,5849281,7499.078205128205,553511,780,10.567596669262219
746,4716888,6039.549295774648,397568,781,11.864355280103027
747,6261174,8027.1461538461535,547051,780,11.445320454582845
748,4469650,5737.6765083440305,379885,779,11.765797543993576
749,4042901,5189.860077021823,495780,779,8.154627052321594
750,3108353,4997.352090032155,250543,622,12.406465157677525
751,3284432,4216.215661103979,446946,779,7.348610346663802
752,4091043,5251.659820282413,357872,779,11.431581682836322
753,6785308,8710.279845956355,595402,779,11.396179388043707
754,6324001,8086.957800511509,755067,782,8.375417015973417
755,8187392,10483.216389244559,699323,781,11.707597204725142
756,12911782,16574.816431322208,1827980,779,7.063415354653771
757,4832775,6219.787644787645,416360,777,11.607202901335382
758,3768116,4868.3669250646,492895,774,7.644865539313647
759,5460897,7010.137355584082,603295,779,9.051785610687972
760,5935009,7638.3642213642215,953570,777,6.223988799983221
761,6843911,8729.478316326531,780038,784,8.773817429407286
762,2965697,3886.8899082568805,297292,763,9.975704021635295
763,4802197,6125.251275510204,459640,784,10.447735184057088
764,2714404,3538.9882659713167,303938,767,8.930781935789536
765,6609836,8506.867438867439,552225,777,11.969461723029562
766,3809093,6123.943729903537,329475,622,11.56109871765688
767,4722348,6023.40306122449,482393,784,9.789420659089165
768,10185601,12991.838010204081,1054827,784,9.656181534981565
769,10198000,10825.902335456476,2902351,942,3.51370320130129
770,5046197,6477.788189987163,571210,779,8.834223840619037
771,4181091,6722.011254019292,428572,622,9.755865992178677
772,2804862,3582.199233716475,382210,783,7.338536406687423
773,4464281,5716.108834827145,618439,781,7.2186278679061315
774,4307095,5493.743622448979,559318,784,7.700619325678773
775,5405733,8690.889067524116,386321,622,13.992853093670808
776,3728530,4804.806701030928,414825,776,8.988199843307418
777,3109262,3991.3504492939664,273048,779,11.38723594386335
778,3670582,5901.257234726688,497906,622,7.372038095544139
779,5560247,7128.521794871795,546065,780,10.182390374772234
780,5106807,6547.1884615384615,615416,780,8.298138169953333
781,3839505,4922.442307692308,524908,780,7.314624658035313
782,4275775,5488.799743260591,399793,779,10.694972148086634
783,5364665,6860.185421994885,530718,782,10.108315527266834
784,6038270,7751.309370988447,642805,779,9.393626371916833
785,5072473,6511.518613607189,437324,779,11.598890067775837
786,2779666,3563.674358974359,431356,780,6.444018397796715
787,7977175,10227.147435897436,890735,780,8.95572195995442
788,14082141,17961.914540816328,1346835,784,10.455728429985855
789,2626269,3380.011583011583,364576,777,7.203625581497411
790,5820810,7453.021766965429,532923,781,10.922422188571332
791,5973977,7668.776636713736,631301,779,9.462961408266422
792,5756322,7389.373555840822,538855,779,10.68250642566182
793,3764223,4832.121951219512,356672,779,10.55373844877086
794,2405374,3083.8128205128205,407027,780,5.909617789483253
795,3547312,4553.673940949936,364026,779,9.744666589749084
796,5643678,7244.772785622593,520214,779,10.848762240155013
797,2617520,4208.231511254019,257816,622,10.15266701833866
798,5825254,7468.274358974359,702461,780,8.292636886602958
799,7708195,9894.987163029526,700034,779,11.011172314487583
800,4157860,5337.432605905006,388966,779,10.689520420807987
801,3798660,4845.2295918367345,371915,784,10.213785407956118
802,5363403,6841.0752551020405,410025,784,13.080673129687215
803,4650665,6047.678803641093,378421,769,12.289658871997062
804,3061600,4922.186495176848,273928,622,11.176659560176397
805,3784390,6084.228295819936,356051,622,10.628786325554485
806,4234755,6808.287781350482,326751,622,12.960189869350055
807,7669453,9820.042253521127,767032,781,9.998869669062048
808,5687084,7291.133333333333,469085,780,12.123781404223115
809,7317626,9393.61489088575,624924,779,11.70962549045964
810,4619798,5930.421052631579,380807,779,12.131599471648368
811,3239518,4132.038265306122,535292,784,6.051870754653535
812,4966087,6366.778205128205,605630,780,8.199869557320476
813,4514925,5810.714285714285,505237,777,8.936251699697369
814,6628829,8476.763427109974,543698,782,12.192115843722066
815,5222211,8395.837620578779,507202,622,10.296116734555463
816,3998667,5133.07702182285,578506,779,6.912057956183687
817,17057867,21757.48341836735,2454370,784,6.949998166535608
818,4772357,6110.572343149808,496141,781,9.61895307987044
819,4775423,6091.100765306122,423324,784,11.280775481664163
820,7517399,12085.850482315112,677726,622,11.092091789307183
821,5438993,6937.491071428572,667296,784,8.150795149378986
822,6066329,7737.664540816327,499161,784,12.153050819274743
823,4549069,5802.383928571428,446881,784,10.179598148052838
824,5358101,6834.3125,676454,784,7.920865276870267
825,2838137,4562.921221864952,334048,622,8.496195157582143
826,6859209,8839.186855670103,598363,776,11.463290678066658
827,10000214,12771.665389527458,1302475,783,7.677854853260139
828,4055958,5199.946153846154,457911,780,8.857524715501484
829,4624043,5920.669654289372,617709,781,7.48579509121609
830,4816406,6174.879487179487,410638,780,11.729080114358633
831,9884733,12689.002567394095,1228453,779,8.046488551047537
832,5115779,6550.293213828425,433019,781,11.814213695011073
833,4293342,5511.350449293966,394316,779,10.888074539202062
834,4600937,5868.5420918367345,501318,784,9.177681631220103
835,3979293,5174.633289986996,505659,769,7.8695187863757985
836,4606682,5906.002564102564,554940,780,8.301225357696328
837,2608765,3473.721704394141,345575,751,7.549055921290603
838,6246047,7987.2723785166245,639466,782,9.767598277312633
839,4019692,5127.158163265306,507297,784,7.92374486740509
840,5738112,7319.0204081632655,827775,784,6.9319706441967925
841,2318635,2972.608974358974,321495,780,7.21204062271575
842,11553523,18574.79581993569,714829,622,16.162638896855054
843,7423466,9468.706632653062,875136,784,8.482642697820681
844,3255217,4178.712451861361,353844,779,9.199582301805316
845,3746964,4828.561855670103,277736,776,13.491099461358989
846,7185993,9224.637997432606,673539,779,10.669008030715371
847,5518727,7111.761597938144,784345,776,7.036096360657619
848,5059150,6630.602883355177,574672,763,8.803543586602444
849,6393691,8155.218112244898,697085,784,9.172039277849903
850,4787781,6193.765847347995,504159,773,9.496569534611105
851,3392054,5453.463022508038,292151,622,11.610619166116152
852,3597687,4606.513444302177,456050,781,7.888799473741915
853,7181892,9243.104247104247,792735,777,9.059637836099075
854,5130172,6577.1435897435895,530973,780,9.661832145890658
855,4477596,5762.671814671815,477358,777,9.379953829201563
856,5599626,7142.380102040816,750983,784,7.456395151421537
857,5815578,7446.322663252241,720850,781,8.067667337171395
858,2957986,4755.604501607717,260058,622,11.374331879811427
859,4667332,7503.749196141479,451729,622,10.332150470746841
860,4521003,5781.333759590792,572462,782,7.897472670675084
861,2674267,3500.3494764397906,389298,764,6.869459899614177
862,6715065,8565.13392857143,876626,784,7.660125298587995
863,6836861,7707.847801578354,814889,887,8.389929180538699
864,3316575,4268.436293436293,456851,777,7.259642640598357
865,5894369,7566.584082156611,496348,779,11.875476480211464
866,5368119,6873.391805377721,379569,781,14.142669712226235
867,3809715,4329.221590909091,360886,880,10.556560797592592
868,7480652,9578.29961587708,509296,781,14.688220602557255
869,4659180,5973.307692307692,678666,780,6.865203207468769
870,5349346,6929.204663212436,670529,772,7.977799617913617
871,4889449,6260.498079385403,374591,781,13.052766884415268
872,6649861,8536.406931964057,640124,779,10.38839506095694
873,2990009,3833.344871794872,355880,780,8.401733730470946
874,3593615,4583.692602040816,399658,784,8.99172542523858
875,3943035,5061.662387676508,366310,779,10.764202451475526
876,7069345,9228.909921671018,779006,766,9.074827408261298
877,5103191,6331.502481389578,704036,806,7.248480191353851
878,6801666,8720.084615384616,620669,780,10.958604344666803
879,2340576,3762.983922829582,216037,622,10.834144151233353
880,5832985,7507.059202059202,614028,777,9.49954236614617
881,3274150,4203.016688061617,483296,779,6.774626729788784
882,5081054,6607.352405721716,647761,769,7.844025805814182
883,3714779,4768.650834403081,391539,779,9.487634692840304
884,3443958,5536.90996784566,329703,622,10.44563743732996
885,4235932,5458.6752577319585,565894,776,7.485380654327489
886,5018882,6442.724005134788,474412,779,10.579163258939488
887,5317050,6887.370466321244,445543,772,11.933864969262226
888,6271013,7998.741071428572,582833,784,10.759536608256568
889,3232661,4144.4371794871795,353304,780,9.149800172089758
890,3563801,5729.583601286174,276589,622,12.884825499206404
891,6189692,7976.407216494846,851629,776,7.268061562018203
892,5927347,7599.162820512821,608437,780,9.741923978982213
893,3978679,6396.59003215434,514925,622,7.726715541098218
894,6529198,8468.47989623865,797763,771,8.184383081190779
895,7248912,9329.359073359074,685097,777,10.580854973821225
896,5439130,6937.665816326531,852792,784,6.378026529329543
897,2717511,3492.9447300771208,268885,778,10.106592037488145
898,5173270,6615.434782608696,555939,782,9.30546336918259
899,4109286,5268.315384615385,438759,780,9.365701900131963
900,3635287,5844.512861736334,341494,622,10.645244133132646
901,5669137,7231.0420918367345,500746,784,11.321382497314007
902,3039385,4886.471061093248,391201,622,7.76936919895399
903,7300878,11737.745980707396,508657,622,14.35324393451776
904,3742423,6016.757234726688,319701,622,11.706009677792688
905,6645066,8530.25160462131,987344,779,6.730243967654637
906,8535775,10929.289372599233,992530,781,8.600017127945755
907,4884914,6270.749679075738,646047,779,7.561236256804846
908,3307400,4234.8271446863,283561,781,11.663804260811606
909,6512493,10728.983525535421,619197,607,10.517643011836297
910,4452869,5708.80641025641,447385,780,9.953103032064107
911,7749768,9884.908163265307,712986,784,10.869453257146704
912,4520528,5765.9795918367345,594778,784,7.600361815669039
913,6900317,8892.161082474227,902068,776,7.649442170656758
914,7453259,9506.707908163266,888608,784,8.387566846123375
915,3942303,6338.1077170418,319510,622,12.33859034146036
916,4176608,5382.226804123711,546736,776,7.639167715314155
917,5221594,6702.944801026958,577462,779,9.042316204356304
918,4046072,5187.271794871795,431296,780,9.381195281198991
919,3438093,5536.381642512078,420199,621,8.182058976818126
920,3585330,5764.196141479099,361808,622,9.909482377393534
921,7389638,9473.894871794872,853783,780,8.6551711617589
922,5739531,7405.846451612903,552904,775,10.380700808820338
923,4167230,5315.344387755102,501835,784,8.30398437733518
924,3702496,4752.883183568678,350663,779,10.558559072385737
925,5147464,6693.711313394018,921935,769,5.583326373334346
926,5655998,7260.587933247753,422709,779,13.380358591844507
927,5059388,6553.611398963731,672726,772,7.52072612029266
928,6243438,8014.682926829269,539545,779,11.571672427693706
929,4559231,5815.345663265306,557548,784,8.177288771549714
930,5569973,7150.1578947368425,911976,779,6.107587261068273
931,3140234,3588.8388571428573,386489,875,8.125028137928894
932,4607215,7395.208667736758,455455,623,10.115631621126127
933,5718554,7331.4794871794875,706128,780,8.098466566968028
934,5268860,6763.620025673941,529417,779,9.95219269498335
935,4430153,5650.705357142857,470734,784,9.411160018184367
936,5496846,7056.284980744545,694390,779,7.91607886058267
937,5648895,7232.900128040973,457265,781,12.353657069751677
938,7375962,9408.114795918367,755547,784,9.762413192031733
939,4656745,5977.849807445443,449101,779,10.369037254426065
940,5657022,7252.592307692307,579554,780,9.76099207321492
941,3129057,5030.638263665594,344647,622,9.079019982764974
942,4731583,6058.364916773367,367396,781,12.878700366906553
943,5428994,6969.183568677792,471937,779,11.503641375861609
944,6217518,7930.507653061224,963947,784,6.450062088475819
945,3429965,4374.955357142857,416215,784,8.240849080403157
946,3274470,4203.427471116816,414924,779,7.8917343899123695
947,6470539,8392.398184176394,879169,771,7.359835253517811
948,6437314,6936.760775862069,1589133,928,4.050834008229645
949,4194405,5350.006377551021,389579,784,10.766506921574315
950,4450296,5742.317419354838,435793,775,10.211949251135287
951,6058267,7776.97946084724,559971,779,10.81889419273498
952,4085326,6568.048231511254,329797,622,12.387395882921918
953,4162942,5323.455242966752,424309,782,9.811109356624536
954,5426552,6966.048780487805,705305,779,7.69390830917121
955,3676529,4719.5494223363285,355771,779,10.333976068875765
956,2992188,3855.9123711340208,385118,776,7.769535570915927
957,6192726,7898.885204081633,666924,784,9.285504795149073
958,3327635,4244.432397959184,441182,784,7.542544800105172
959,5528325,7051.434948979592,583763,784,9.470153127210871
960,5251132,6723.600512163893,431941,781,12.157058487154496
961,5080588,6521.935815147625,536603,779,9.46805739065939
962,5125011,6690.6148825065275,696101,766,7.36245314975844
963,8385406,10764.320924261874,791630,779,10.592582393289794
964,7534699,9759.972797927461,1077174,772,6.994876408082631
965,6626600,8484.763124199744,707184,781,9.37040430778977
966,3753283,4818.078305519897,475390,779,7.895166074170681
967,6731473,8641.172015404365,719270,779,9.358756795083904
968,5609742,7191.976923076923,683254,780,8.210331736074725
969,2645117,3503.4662251655627,452346,755,5.847552537217086
970,2573975,3295.742637644046,312532,781,8.235876646231427
971,6392792,8270.106080206986,761659,773,8.393246846685985
972,2402627,3422.545584045584,272238,702,8.825465217934308
973,5017528,6440.985879332477,615311,779,8.154458477095323
974,7178474,11540.95498392283,971204,622,7.391314286184983
975,6010559,7715.736842105263,579446,779,10.37294070543243
976,5433498,6974.965340179718,559119,779,9.717963438910143
977,2974291,4774.142857142857,318092,623,9.350411201790678
978,5626588,7213.574358974359,757830,780,7.424604462742304
979,4898808,6264.460358056266,497651,782,9.843862465864632
980,5468281,7019.6161745827985,432164,779,12.653254320119213
981,5700952,7308.912820512821,588296,780,9.690618328188531
982,6285458,8058.279487179487,539497,780,11.650589345260492
983,7941077,10259.789405684754,1068066,774,7.435005889149172
984,4708162,6067.219072164949,574511,776,8.195077204788072
985,6516900,8387.258687258687,601984,777,10.82570300871784
986,4802035,6220.2525906735755,639283,772,7.511595021297297
987,5368327,6847.355867346939,680093,784,7.893518974610825
988,3683288,4698.071428571428,566446,784,6.502452131359388
989,3260812,5242.463022508038,356745,622,9.14045606805982
990,4999125,6409.134615384615,447315,780,11.175849233761443
991,4484520,5756.765083440308,418129,779,10.725206814165006
992,4452757,5715.991014120667,546190,779,8.152395686482725
993,5942063,7618.029487179487,587207,780,10.119196467344565
994,3536283,4539.516046213093,344327,779,10.270129847499614
995,7226190,9264.346153846154,614734,780,11.754986709698828
996,4993206,6510.0469361147325,534380,767,9.343923799543395
997,4028334,5157.918053777209,322024,781,12.509421658013068
998,3354263,4316.940797940798,415133,777,8.079971960793287
999,7163321,9183.744871794872,515113,780,13.906309877638499
1000,4635525,7452.612540192926,423675,622,10.941228536024076
1001,4239004,5420.721227621483,485624,782,8.72898374050706
1002,4753790,6063.507653061224,562417,784,8.452429425141844
1003,5751204,7382.803594351733,602250,779,9.549529265255293
1004,3212907,5165.445337620578,281082,622,11.430497150297779
1005,4834459,6205.9807445442875,729683,779,6.625423642869575
1006,4970130,6371.961538461538,675677,780,7.355777982675154
1007,5485024,6996.2040816326535,639858,784,8.57225196840549
1008,4179585,5331.103316326531,561855,784,7.438903275756201
1009,2968299,4772.184887459807,284969,622,10.416217202572911
1010,6957339,8874.156887755102,633057,784,10.990067245129586
1011,6137147,7878.237483953787,734852,779,8.351541534894102
1012,3762920,6049.710610932476,321582,622,11.701276812756934
1013,3110984,3993.560975609756,345207,779,9.011937764877306
1014,9509102,12206.806161745828,1051375,779,9.044443704672453
1015,4705183,6040.029525032092,383638,779,12.264642710054792
1016,4213934,5409.414634146341,389650,779,10.81466444244835
1017,5539437,7203.429128738621,781115,769,7.091704806590579
1018,9187204,11748.342710997442,1063112,782,8.641802557021274
1019,5651236,9071.00481540931,469473,623,12.037403641955981
1020,7054345,9032.451984635083,866840,781,8.138001245904665
1021,6835866,8877.748051948052,817747,770,8.359389884646474
1022,5706179,7325.00513478819,641135,779,8.900120879377978
1023,4799042,6152.617948717949,491531,780,9.763457442155225
1024,4810209,6135.470663265306,615780,784,7.811570690831141
1025,5762189,7425.501288659794,672559,776,8.567559128641502
1026,7397085,9495.616174582798,919445,779,8.045163114705067
1027,8163847,13104.088282504013,1032892,623,7.903872815357269
1028,3686723,4732.635430038511,425786,779,8.658628982634468
1029,4224868,5416.497435897436,591023,780,7.148398624080619
1030,2816323,3610.6705128205126,258896,780,10.878202057969224
1031,3773364,4843.85622593068,325598,779,11.589026959625059
1032,7172255,9195.198717948719,752136,780,9.535848569939478
1033,10870270,13865.140306122448,1018597,784,10.671806416080157
1034,5072945,6503.775641025641,568150,780,8.928883217460179
1035,3803794,4876.658974358975,450423,780,8.444937314479944
1036,3884252,4986.202824133505,367372,779,10.57307579238483
1037,5387026,6906.44358974359,681679,780,7.902584647612732
1038,3668097,5897.262057877813,319358,622,11.485846604750781
1039,6307879,8181.42542153048,799824,771,7.886583798435656
1040,6775360,8697.509627727855,674734,779,10.041527476012769
1041,3801487,6111.715434083601,408015,622,9.317027560261264
1042,3218244,4131.250320924262,426002,779,7.554527913014493
1043,6858406,8792.828205128206,941445,780,7.284977879748684
1044,5145309,6622.019305019305,695225,777,7.400926318817649
1045,6654188,7535.886749716874,808163,883,8.233720177736423
1046,6784716,8698.353846153846,533570,780,12.715699908165751
1047,3791124,4885.469072164949,407902,776,9.294203019352688
1048,5392653,6887.168582375479,416229,783,12.955976157355686
1049,2478906,3985.379421221865,395752,622,6.263786411692171
1050,5771211,7389.514724711908,404342,781,14.27309307467441
1051,5737921,7490.758485639687,770860,766,7.443531899436993
1052,5662859,7269.395378690629,588984,779,9.614622808089862
1053,7002929,8932.307397959185,791662,784,8.845857196631895
1054,4730838,6034.232142857143,483709,784,9.780339005476433
1055,6197127,7914.593869731801,775488,783,7.991260986630354
1056,2415557,3877.298555377207,230408,623,10.483824346376862
1057,5036413,6423.996173469388,502083,784,10.031036701103204
1058,5658141,7263.338896020539,546009,779,10.36272479025071
1059,6604849,8424.552295918367,904541,784,7.301879074580367
1060,5707977,7327.31322207959,660675,779,8.639614031104552
1061,5732970,7378.339768339768,431026,777,13.300752158802485
1062,4990259,6405.9807445442875,461502,779,10.813082066816612
1063,3348689,4271.286989795918,416261,784,8.044685906198275
1064,7365896,9455.578947368422,831862,779,8.854709074341658
1065,2611257,4198.162379421222,301834,622,8.651301708886342
1066,8626583,11073.919127086008,877097,779,9.835380807367942
1067,3580348,5756.186495176848,305012,622,11.738384063577826
1068,3451074,4441.53667953668,240516,777,14.348625455271167
1069,4930721,6305.269820971867,621457,782,7.934130599542687
1070,5515214,7034.711734693878,680475,784,8.104947279473897
1071,4725345,6027.225765306122,571238,784,8.27211249951859
1072,5314269,6821.911424903723,500175,779,10.624819313240366
1073,5668621,7276.792041078305,715327,779,7.924517039060458
1074,4014070,5146.24358974359,433374,780,9.262369223811303
1075,9004545,11485.389030612245,856724,784,10.510438600996354
1076,2820000,3620.02567394095,424905,779,6.636777632647298
1077,3497529,4489.767650834403,386337,779,9.053052128064358
1078,5289878,6808.079794079794,406860,777,13.001715577840043
1079,6783229,8685.312419974392,538364,781,12.599707632754047
1080,6338656,10190.765273311898,523432,622,12.109798407434013
1081,4485164,5924.919418758256,709444,757,6.322083208822684
1082,5494934,7044.78717948718,807063,780,6.808556457178684
1083,4019314,5146.368758002561,281668,781,14.269686297342972
1084,4904211,6271.369565217391,631824,782,7.761989098229887
1085,5932711,7567.2334183673465,596091,784,9.95269346458846
1086,5996057,7677.409731113957,655364,781,9.149201054681063
1087,4925247,6282.202806122449,482537,784,10.206983091452054
1088,3960984,5084.703465982028,377930,779,10.480734527558013
1089,7915233,10160.761232349165,781006,779,10.134663498103727
1090,5033396,6453.071794871795,612815,780,8.213565268474172
1091,6488655,8276.345663265307,546598,784,11.870981964807775
1092,7439455,11960.538585209004,724644,622,10.26635837735495
1093,6504285,8338.826923076924,678171,780,9.590921758671486
1094,2845473,4574.715434083601,232530,622,12.23701457876403
1095,3739067,4781.415601023018,530065,782,7.053978285681945
1096,4250632,5456.523748395379,493156,779,8.619244214812351
1097,9179413,9744.599787685775,2280508,942,4.025161499104586
1098,4102408,5259.497435897436,553080,780,7.417386273233529
1099,6914599,7743.111982082867,875095,893,7.901540975551226
1100,4167374,5405.1543450064855,514503,771,8.099805054586659
1101,7818257,9972.266581632653,774945,784,10.08878952699869
1102,4353993,6999.988745980708,439429,622,9.908296903481563
1103,3920264,5019.544174135724,301204,781,13.015311881648318
1104,3397012,5461.434083601286,268215,622,12.665257349514382
1105,3555802,4564.572528883184,397318,779,8.949511474436093
1106,3836971,4894.095663265306,437169,784,8.776859749890775
1107,3882362,6231.720706260032,416495,623,9.321509261815867
1108,4482599,5746.921794871795,460408,780,9.736144897569112
1109,3064721,4927.204180064308,281354,622,10.892757877975788
1110,3548486,4531.910600255428,422958,783,8.389688810709337
1111,4091076,5251.702182284981,351883,779,11.626239403438074
1112,7974294,10236.577663671373,653276,779,12.206623234283825
1113,5196242,6627.859693877551,562151,784,9.243498632929587
1114,16202585,20666.5625,2509542,784,6.456391245892677
1115,4922229,6302.469910371319,337884,781,14.567807294811237
